-- Adminer 4.3.1 MySQL dump

SET NAMES utf8;
SET time_zone = '+00:00';
SET foreign_key_checks = 0;
SET sql_mode = 'NO_AUTO_VALUE_ON_ZERO';

SET NAMES utf8mb4;

INSERT INTO `keywords` (`id`, `keyword`, `created_at`, `updated_at`) VALUES
(1,	'ベビーサイン',	'2018-03-10 06:38:57',	'2018-03-10 06:38:57'),
(2,	'いつから',	'2018-03-10 06:45:37',	'2018-03-10 06:45:37'),
(3,	'本',	'2018-03-10 06:45:37',	'2018-03-10 06:45:37'),
(4,	'体験',	'2018-03-10 06:45:37',	'2018-03-10 06:45:37'),
(5,	'イオン',	'2018-03-10 06:45:37',	'2018-03-10 06:45:37'),
(6,	'種類',	'2018-03-10 06:45:37',	'2018-03-10 06:45:37');

INSERT INTO `reports` (`id`, `filename`, `import_at`, `no`, `delivery_at`, `keyword_id`, `token`, `request_writer`, `request_date`, `user_id`, `title`, `main`, `complate_at`, `created_at`, `updated_at`) VALUES
(2,	'test.csv',	'2018-03-10 06:39:04',	1,	NULL,	1,	'testtoken1',	'tester',	'2018-03-10',	NULL,	NULL,	NULL,	NULL,	'2018-03-10 06:39:04',	'2018-03-10 06:39:04'),
(3,	'test.csv',	'2018-03-10 06:39:04',	2,	NULL,	1,	'testtoken2',	'tester',	'2018-03-10',	NULL,	NULL,	NULL,	NULL,	'2018-03-10 06:39:04',	'2018-03-10 06:39:04'),
(4,	'test.csv',	'2018-03-10 06:39:04',	4,	NULL,	1,	'testtoken3',	'tester',	'2018-03-10',	NULL,	NULL,	NULL,	NULL,	'2018-03-10 06:39:04',	'2018-03-10 06:39:04'),
(5,	'test.csv',	'2018-03-10 06:39:04',	3,	NULL,	1,	'testtoken4',	'tester',	'2018-03-10',	NULL,	NULL,	NULL,	NULL,	'2018-03-10 06:39:04',	'2018-03-10 06:39:04'),
(7,	'test.csv',	'2018-03-10 06:39:04',	5,	NULL,	1,	'testtoken5',	'tester',	'2018-03-10',	NULL,	NULL,	NULL,	NULL,	'2018-03-10 06:39:04',	'2018-03-10 06:39:04'),
(8,	'test.csv',	'2018-03-10 06:39:04',	6,	NULL,	1,	'testtoken6',	'tester',	'2018-03-10',	NULL,	NULL,	NULL,	NULL,	'2018-03-10 06:39:04',	'2018-03-10 06:39:04'),
(9,	'test.csv',	'2018-03-10 06:39:04',	7,	NULL,	1,	'testtoken7',	'tester',	'2018-03-10',	NULL,	NULL,	NULL,	NULL,	'2018-03-10 06:39:04',	'2018-03-10 06:39:04'),
(10,	'test.csv',	'2018-03-10 06:39:04',	8,	NULL,	1,	'testtoken8',	'tester',	'2018-03-10',	NULL,	NULL,	NULL,	NULL,	'2018-03-10 06:39:04',	'2018-03-10 06:39:04'),
(14,	'test.csv',	'2018-03-10 06:39:04',	9,	NULL,	1,	'testtoken9',	'tester',	'2018-03-10',	NULL,	NULL,	NULL,	NULL,	'2018-03-10 06:39:04',	'2018-03-10 06:39:04'),
(15,	'test.csv',	'2018-03-10 06:39:04',	10,	NULL,	1,	'testtoken10',	'tester',	'2018-03-10',	NULL,	NULL,	NULL,	NULL,	'2018-03-10 06:39:04',	'2018-03-10 06:39:04'),
(16,	'test.csv',	'2018-03-10 06:39:04',	11,	NULL,	1,	'testtoken11',	'tester',	'2018-03-10',	NULL,	NULL,	NULL,	NULL,	'2018-03-10 06:39:04',	'2018-03-10 06:39:04'),
(17,	'test.csv',	'2018-03-10 06:39:04',	12,	NULL,	1,	'testtoken12',	'tester',	'2018-03-10',	NULL,	NULL,	NULL,	NULL,	'2018-03-10 06:39:04',	'2018-03-10 06:39:04');

INSERT INTO `report_subkeyword` (`id`, `report_id`, `keyword_id`, `created_at`, `updated_at`) VALUES
(3,	2,	2,	'2018-03-10 06:47:13',	'2018-03-10 06:47:13'),
(4,	2,	3,	'2018-03-10 06:47:13',	'2018-03-10 06:47:13'),
(5,	2,	4,	'2018-03-10 06:47:13',	'2018-03-10 06:47:13'),
(6,	2,	5,	'2018-03-10 06:47:13',	'2018-03-10 06:47:13'),
(7,	2,	6,	'2018-03-10 06:47:13',	'2018-03-10 06:47:13'),
(8,	3,	2,	'2018-03-10 06:47:13',	'2018-03-10 06:47:13'),
(9,	3,	3,	'2018-03-10 06:47:13',	'2018-03-10 06:47:13'),
(10,	3,	4,	'2018-03-10 06:47:13',	'2018-03-10 06:47:13'),
(11,	3,	5,	'2018-03-10 06:47:13',	'2018-03-10 06:47:13'),
(12,	3,	6,	'2018-03-10 06:47:13',	'2018-03-10 06:47:13'),
(15,	4,	2,	'2018-03-10 06:47:13',	'2018-03-10 06:47:13'),
(16,	4,	3,	'2018-03-10 06:47:13',	'2018-03-10 06:47:13'),
(17,	4,	4,	'2018-03-10 06:47:13',	'2018-03-10 06:47:13'),
(18,	4,	5,	'2018-03-10 06:47:13',	'2018-03-10 06:47:13'),
(19,	4,	6,	'2018-03-10 06:47:13',	'2018-03-10 06:47:13'),
(22,	5,	2,	'2018-03-10 06:47:13',	'2018-03-10 06:47:13'),
(23,	5,	3,	'2018-03-10 06:47:13',	'2018-03-10 06:47:13'),
(24,	5,	4,	'2018-03-10 06:47:13',	'2018-03-10 06:47:13'),
(25,	5,	5,	'2018-03-10 06:47:13',	'2018-03-10 06:47:13'),
(26,	5,	6,	'2018-03-10 06:47:13',	'2018-03-10 06:47:13'),
(29,	7,	2,	'2018-03-10 06:47:13',	'2018-03-10 06:47:13'),
(30,	7,	3,	'2018-03-10 06:47:13',	'2018-03-10 06:47:13'),
(31,	7,	4,	'2018-03-10 06:47:13',	'2018-03-10 06:47:13'),
(32,	7,	5,	'2018-03-10 06:47:13',	'2018-03-10 06:47:13'),
(33,	7,	6,	'2018-03-10 06:47:13',	'2018-03-10 06:47:13'),
(34,	8,	2,	'2018-03-10 06:47:13',	'2018-03-10 06:47:13'),
(35,	8,	3,	'2018-03-10 06:47:13',	'2018-03-10 06:47:13'),
(36,	8,	4,	'2018-03-10 06:47:13',	'2018-03-10 06:47:13'),
(37,	8,	5,	'2018-03-10 06:47:13',	'2018-03-10 06:47:13'),
(38,	8,	6,	'2018-03-10 06:47:13',	'2018-03-10 06:47:13'),
(39,	9,	2,	'2018-03-10 06:47:13',	'2018-03-10 06:47:13'),
(40,	9,	3,	'2018-03-10 06:47:13',	'2018-03-10 06:47:13'),
(41,	9,	4,	'2018-03-10 06:47:13',	'2018-03-10 06:47:13'),
(42,	9,	5,	'2018-03-10 06:47:13',	'2018-03-10 06:47:13'),
(43,	9,	6,	'2018-03-10 06:47:13',	'2018-03-10 06:47:13'),
(44,	10,	2,	'2018-03-10 06:47:13',	'2018-03-10 06:47:13'),
(45,	10,	3,	'2018-03-10 06:47:13',	'2018-03-10 06:47:13'),
(46,	10,	4,	'2018-03-10 06:47:13',	'2018-03-10 06:47:13'),
(47,	10,	5,	'2018-03-10 06:47:13',	'2018-03-10 06:47:13'),
(48,	10,	6,	'2018-03-10 06:47:13',	'2018-03-10 06:47:13'),
(49,	14,	2,	'2018-03-10 06:47:13',	'2018-03-10 06:47:13'),
(50,	14,	3,	'2018-03-10 06:47:13',	'2018-03-10 06:47:13'),
(51,	14,	4,	'2018-03-10 06:47:13',	'2018-03-10 06:47:13'),
(52,	14,	5,	'2018-03-10 06:47:13',	'2018-03-10 06:47:13'),
(53,	14,	6,	'2018-03-10 06:47:13',	'2018-03-10 06:47:13'),
(54,	15,	2,	'2018-03-10 06:47:13',	'2018-03-10 06:47:13'),
(55,	15,	3,	'2018-03-10 06:47:13',	'2018-03-10 06:47:13'),
(56,	15,	4,	'2018-03-10 06:47:13',	'2018-03-10 06:47:13'),
(57,	15,	5,	'2018-03-10 06:47:13',	'2018-03-10 06:47:13'),
(58,	15,	6,	'2018-03-10 06:47:13',	'2018-03-10 06:47:13'),
(59,	16,	2,	'2018-03-10 06:47:13',	'2018-03-10 06:47:13'),
(60,	16,	3,	'2018-03-10 06:47:13',	'2018-03-10 06:47:13'),
(61,	16,	4,	'2018-03-10 06:47:13',	'2018-03-10 06:47:13'),
(62,	16,	5,	'2018-03-10 06:47:13',	'2018-03-10 06:47:13'),
(63,	16,	6,	'2018-03-10 06:47:13',	'2018-03-10 06:47:13'),
(64,	17,	2,	'2018-03-10 06:47:13',	'2018-03-10 06:47:13'),
(65,	17,	3,	'2018-03-10 06:47:13',	'2018-03-10 06:47:13'),
(66,	17,	4,	'2018-03-10 06:47:13',	'2018-03-10 06:47:13'),
(67,	17,	5,	'2018-03-10 06:47:13',	'2018-03-10 06:47:13'),
(68,	17,	6,	'2018-03-10 06:47:13',	'2018-03-10 06:47:13');

-- 2018-03-10 07:05:31